{"ProjectWatches":"{\"Value\":[]}","ProjectBreakpoints":"{\"Value\":{\"Main.xaml\":[{\"ConditionalExpression\":null,\"ActionExpression\":null,\"ExpectedHitCounter\":null,\"ShouldContinueAfterAction\":false,\"IsEnabled\":true,\"ActivityId\":\"1.22\",\"ActivityName\":\"Extract Structured Data 'UL'\"},{\"ConditionalExpression\":null,\"ActionExpression\":null,\"ExpectedHitCounter\":null,\"ShouldContinueAfterAction\":false,\"IsEnabled\":true,\"ActivityId\":\"1.35\",\"ActivityName\":\"Type Into 'INPUT  s'\"},{\"ConditionalExpression\":null,\"ActionExpression\":null,\"ExpectedHitCounter\":null,\"ShouldContinueAfterAction\":false,\"IsEnabled\":true,\"ActivityId\":\"1.93\",\"ActivityName\":\"Kill Process\"}]}}"}